ID,BRANCH,ADDRESS,CITY,POSTCODE,PHONE,MONDAY,TUESDAY,WEDNESDAY,THURSDAY,FRIDAY,SATURDAY,SUNDAY,LATITUDE,LONGITUDE,LINK,NYU 
1,Rosedale,144-20 243 Street,Rosedale,11422,(718) 528-8490,12:00 PM - 8:00 PM,1:00 PM - 6:00 PM,10:00 AM - 6:00 PM,12:00 PM - 8:00 PM,10:00 AM - 6:00 PM,10:00 AM - 5:00 PM, ,40.660152,-73.739488,https://queenslibrary.org/about-us/locations/rosedale,0
2,Bayside,214-20 Northern Boulevard,Bayside,11361,(718) 229-1834,9:00 AM - 8:00 PM,1:00 PM - 6:00 PM,10:00 AM - 6:00 PM,12:00 PM - 8:00 PM,10:00 AM - 6:00 PM,10:00 AM - 5:00 PM, ,40.760363,-73.768588,https://www.queenslibrary.org/about-us/locations/bayside,0
3,Central Library- The Archives,89-11 Merrick Boulevard,Jamaica,11432,(718) 990-0700,9:00 AM - 9:00 PM,9:00 AM - 7:00 PM,9:00 AM - 7:00 PM,9:00 AM - 7:00 PM,9:00 AM - 7:00 PM,10:00 AM - 5:00 PM,12:00 PM - 5:00 PM,40.707865,-73.795295,,0
4,Hollis,202-05 Hillside Avenue,Hollis,11423,(718) 465-7355,12:00 PM - 8:00 PM,1:00 PM - 6:00 PM,10:00 AM - 6:00 PM,12:00 PM - 8:00 PM,10:00 AM - 6:00 PM,10:00 AM - 5:00 PM, ,40.719914,-73.762191,https://www.queenslibrary.org/about-us/locations/hollis,0
5,Queens Library for Teens,2002 Cornaga Ave,Far Rockaway,11691,(718) 471-2573,2:30 PM - 6:00 PM,2:30 PM - 6:00 PM,2:30 PM - 6:00 PM,2:30 PM - 6:00 PM,2:30 PM - 6:00 PM, , ,,,https://www.queenslibrary.org/about-us/locations/far-rockaway-teen,0
6,Douglaston/Little Neck,249-01 Northern Boulevard,Little Neck,11363,(718) 225-8414,12:00 PM - 8:00 PM,1:00 PM - 6:00 PM,10:00 AM - 6:00 PM,12:00 PM - 8:00 PM,10:00 AM - 6:00 PM,10:00 AM - 5:00 PM, ,40.76795,-73.738088,https://www.queenslibrary.org/about-us/locations/douglaston,0
7,Queensboro Hill,60-05 Main Street,Flushing,11355,(718) 359-8332,12:00 PM - 8:00 PM,1:00 PM - 6:00 PM,10:00 AM - 6:00 PM,12:00 PM - 8:00 PM,10:00 AM - 6:00 PM,10:00 AM - 5:00 PM, ,40.743081,-73.825526,https://www.queenslibrary.org/about-us/locations/queensboro-hill,0
8,Howard Beach,92-06 156 Avenue, Howard Beach,11414,(718) 641-7086,12:00 PM - 8:00 PM,1:00 PM - 6:00 PM,10:00 AM - 6:00 PM,12:00 PM - 8:00 PM,10:00 AM - 6:00 PM,10:00 AM - 5:00 PM, ,40.664069,-73.841928,https://www.queenslibrary.org/about-us/locations/howard-beach,0
9,South Jamaica,108-41 Guy R. Brewer Boulevard,Jamaica,11433,(718) 739-4088,10:00 AM - 5:00 PM, , , , , , ,40.695879,-73.790734,https://www.queenslibrary.org/about-us/locations/south-jamaica,0
10,Long Island City,37-44 21 Street,Long Island City,11101,(718) 752-3700,9:00 AM - 8:00 PM,1:00 PM - 6:00 PM,10:00 AM - 6:00 PM,12:00 PM - 8:00 PM,10:00 AM - 6:00 PM,10:00 AM - 5:00 PM, ,40.757826,-73.938771,https://www.queenslibrary.org/about-us/locations/long-island-city,0
11,Elmhurst,86-01 Broadway,Elmhurst,11373,(718) 271-1020,9:00 AM - 8:00 PM,1:00 PM - 6:00 PM,10:00 AM - 6:00 PM,12:00 PM - 8:00 PM,10:00 AM - 6:00 PM,10:00 AM - 5:00 PM, ,40.738498,-73.877382,https://www.queenslibrary.org/about-us/locations/elmhurst,0
12,McGoldrick,155-06 Roosevelt Av. (off Northern Blvd),Flushing,11354,(718) 461-1616,12:00 PM - 8:00 PM,1:00 PM - 6:00 PM,10:00 AM - 6:00 PM,12:00 PM - 8:00 PM,10:00 AM - 6:00 PM,10:00 AM - 5:00 PM, ,40.763998,-73.809754,https://www.queenslibrary.org/about-us/locations/mcgoldrick,0
13,Bellerose,250-06 Hillside Avenue,Bellerose,11426,(718) 831-8644,12:00 PM - 8:00 PM,1:00 PM - 6:00 PM,10:00 AM - 6:00 PM,12:00 PM - 8:00 PM,10:00 AM - 6:00 PM,10:00 AM - 5:00 PM, ,40.735403,-73.717266,https://www.queenslibrary.org/about-us/locations/bellerose,0
14,Far Rockaway,1637 Central Avenue,Far Rockaway,11691,(718) 327-2549,9:00 AM - 8:00 PM,1:00 PM - 6:00 PM,10:00 AM - 6:00 PM,12:00 PM - 8:00 PM,10:00 AM - 6:00 PM,10:00 AM - 5:00 PM, ,40.604487,-73.752641,https://www.queenslibrary.org/about-us/locations/far-rockaway,0
15,Windsor Park,79-50 Bell Boulevard,Bayside,11364,(718) 468-8300,12:00 PM - 8:00 PM,1:00 PM - 6:00 PM,10:00 AM - 6:00 PM,12:00 PM - 8:00 PM,10:00 AM - 6:00 PM,10:00 AM - 5:00 PM, ,40.734936,-73.755509,https://www.queenslibrary.org/about-us/locations/windsor-park,0
16,Ozone Park,92-24 Rockaway Boulevard,Ozone Park,11417,(718) 845-3127,12:00 PM - 8:00 PM,1:00 PM - 6:00 PM,10:00 AM - 6:00 PM,12:00 PM - 8:00 PM,10:00 AM - 6:00 PM,10:00 AM - 5:00 PM, ,40.681283,-73.847111,https://www.queenslibrary.org/about-us/locations/ozone-park,0
17,Lefrak City,98-30 57 Avenue,Corona,11368,(718) 592-7677,12:00 PM - 8:00 PM,1:00 PM - 6:00 PM,10:00 AM - 6:00 PM,12:00 PM - 8:00 PM,10:00 AM - 6:00 PM,10:00 AM - 5:00 PM, ,40.738027,-73.861173,https://www.queenslibrary.org/about-us/locations/lefrak-city,0
18,Bay Terrace,18-36 Bell Boulevard,Bayside,11360,(718) 423-7004,12:00 PM - 8:00 PM,1:00 PM - 6:00 PM,10:00 AM - 6:00 PM,12:00 PM - 8:00 PM,10:00 AM - 6:00 PM,10:00 AM - 5:00 PM, ,40.783103,-73.777013,https://www.queenslibrary.org/about-us/locations/bay-terrace,0
19,North Forest Park,98-27 Metropolitan Avenue,Forest Hills,11375,(718) 261-5512,12:00 PM - 8:00 PM,1:00 PM - 6:00 PM,10:00 AM - 6:00 PM,12:00 PM - 8:00 PM,10:00 AM - 6:00 PM,10:00 AM - 5:00 PM, ,40.710913,-73.853662,https://www.queenslibrary.org/about-us/locations/north-forest-park,0
20,Forest Hills,108-19 71 Avenue,Forest Hills,11375,(718) 268-7934,9:00 AM - 8:00 PM,1:00 PM - 6:00 PM,10:00 AM - 6:00 PM,12:00 PM - 8:00 PM,10:00 AM - 6:00 PM,10:00 AM - 5:00 PM, ,40.721777,-73.843378,https://www.queenslibrary.org/about-us/locations/forest-hills,0
21,Laurelton,134-26 225 Street,Laurelton,11413,(718) 528-2822,12:00 PM - 8:00 PM,1:00 PM - 6:00 PM,10:00 AM - 6:00 PM,12:00 PM - 8:00 PM,10:00 AM - 6:00 PM,10:00 AM - 5:00 PM, ,40.677059,-73.74514,https://www.queenslibrary.org/about-us/locations/laurelton,0
22,Mitchell-Linden,29-42 Union Street,Flushing,11354,(718) 539-2330,12:00 PM - 8:00 PM,1:00 PM - 6:00 PM,10:00 AM - 6:00 PM,12:00 PM - 8:00 PM,10:00 AM - 6:00 PM,10:00 AM - 5:00 PM, ,40.771345,-73.826582,https://www.queenslibrary.org/about-us/locations/mitchell-linden,0
23,Woodside,54-22 Skillman Avenue, Woodside,11377,(718) 429-4700,12:00 PM - 8:00 PM,1:00 PM - 6:00 PM,10:00 AM - 6:00 PM,12:00 PM - 8:00 PM,10:00 AM - 6:00 PM,10:00 AM - 5:00 PM, ,40.745524,-73.90982,https://www.queenslibrary.org/about-us/locations/woodside,0
24,South Ozone Park,128-16 Rockaway Boulevard,South Ozone Park,11420,(718) 529-1660,12:00 PM - 8:00 PM,1:00 PM - 6:00 PM,10:00 AM - 6:00 PM,12:00 PM - 8:00 PM,10:00 AM - 6:00 PM,10:00 AM - 5:00 PM, ,40.675084,-73.809585,https://www.queenslibrary.org/about-us/locations/south-ozone-park,0
25,Broadway,40-20 Broadway,Long Island City,11103,(718) 721-2462,9:00 AM - 8:00 PM,1:00 PM - 6:00 PM,10:00 AM - 6:00 PM,12:00 PM - 8:00 PM,10:00 AM - 6:00 PM,10:00 AM - 5:00 PM, ,40.758859,-73.918772,https://www.queenslibrary.org/about-us/locations/broadway,0
26,Ridgewood,20-12 Madison Street,Ridgewood,11385,(718) 821-4770,9:00 AM - 8:00 PM,1:00 PM - 6:00 PM,10:00 AM - 6:00 PM,12:00 PM - 8:00 PM,10:00 AM - 6:00 PM,10:00 AM - 5:00 PM, ,40.705193,-73.902867,https://www.queenslibrary.org/about-us/locations/ridgewood,0
27,Woodhaven,85-41 Forest Parkway,Woodhaven,11421,(718) 849-1010,12:00 PM - 8:00 PM,1:00 PM - 6:00 PM,10:00 AM - 6:00 PM,12:00 PM - 8:00 PM,10:00 AM - 6:00 PM,10:00 AM - 5:00 PM, ,40.694619,-73.861812,https://www.queenslibrary.org/about-us/locations/woodhaven,0
28,South Hollis,204-01 Hollis Avenue,South Hollis,11412,(718) 465-6779,12:00 PM - 8:00 PM,1:00 PM - 6:00 PM,10:00 AM - 6:00 PM,12:00 PM - 8:00 PM,10:00 AM - 6:00 PM,10:00 AM - 5:00 PM, ,40.706755,-73.753827,https://www.queenslibrary.org/about-us/locations/south-hollis,0
29,Steinway,21-45 31 Street,Long Island City,11105,(718) 728-1965,9:00 AM - 8:00 PM,1:00 PM - 6:00 PM,10:00 AM - 6:00 PM,12:00 PM - 8:00 PM,10:00 AM - 6:00 PM,10:00 AM - 5:00 PM, ,40.777105,-73.909496,https://www.queenslibrary.org/about-us/locations/steinway,0
30,Sunnyside,43-06 Greenpoint Avenue,Long Island City,11104,(718) 784-3033,9:00 AM - 8:00 PM,1:00 PM - 6:00 PM,10:00 AM - 6:00 PM,12:00 PM - 8:00 PM,10:00 AM - 6:00 PM,10:00 AM - 5:00 PM, ,40.740977,-73.921797,https://www.queenslibrary.org/about-us/locations/sunnyside,0
31,Maspeth,69-70 Grand Avenue,Maspeth,11378,(718) 639-5228,12:00 PM - 8:00 PM,1:00 PM - 6:00 PM,10:00 AM - 6:00 PM,12:00 PM - 8:00 PM,10:00 AM - 6:00 PM,10:00 AM - 5:00 PM, ,40.727126,-73.893357,https://www.queenslibrary.org/about-us/locations/maspeth,0
32,Hillcrest,187-05 Union Turnpike,Flushing,11366,(718) 454-2786,9:00 AM - 8:00 PM,1:00 PM - 6:00 PM,10:00 AM - 6:00 PM,12:00 PM - 8:00 PM,10:00 AM - 6:00 PM,10:00 AM - 5:00 PM, ,40.728981,-73.781902,https://www.queenslibrary.org/about-us/locations/hillcrest,0
33,Baisley Park,117-11 Sutphin Boulevard,Jamaica,11436,(718) 529-1590,12:00 PM - 8:00 PM,1:00 PM - 6:00 PM,10:00 AM - 6:00 PM,12:00 PM - 8:00 PM,10:00 AM - 6:00 PM,10:00 AM - 5:00 PM, ,40.680318,-73.79203,https://www.queenslibrary.org/about-us/locations/baisley-park,0
34,Richmond Hill,118-14 Hillside Avenue,Richmond Hill,11418,(718) 849-7150,12:00 PM - 8:00 PM,1:00 PM - 6:00 PM,10:00 AM - 6:00 PM,12:00 PM - 8:00 PM,10:00 AM - 6:00 PM,10:00 AM - 5:00 PM, ,40.701022,-73.83211,https://www.queenslibrary.org/about-us/locations/richmond-hill,0
35,Jackson Heights,35-51 81 Street,Jackson Heights,11372,(718) 899-2500,9:00 AM - 8:00 PM,1:00 PM - 6:00 PM,10:00 AM - 6:00 PM,12:00 PM - 8:00 PM,10:00 AM - 6:00 PM,10:00 AM - 5:00 PM, ,40.751319,-73.885533,https://www.queenslibrary.org/about-us/locations/jackson-heights,0
36,North Hills,57-04 Marathon Parkway,Little Neck,11362,(718) 225-3550,12:00 PM - 8:00 PM,1:00 PM - 6:00 PM,10:00 AM - 6:00 PM,12:00 PM - 8:00 PM,10:00 AM - 6:00 PM,10:00 AM - 5:00 PM, ,40.75942,-73.731307,https://www.queenslibrary.org/about-us/locations/north-hills,0
37,Lefferts,103-34 Lefferts Boulevard,Richmond Hill,11419,(718) 843-5950,9:00 AM - 8:00 PM,1:00 PM - 6:00 PM,10:00 AM - 6:00 PM,12:00 PM - 8:00 PM,10:00 AM - 6:00 PM,10:00 AM - 5:00 PM, ,40.687273,-73.824691,https://www.queenslibrary.org/about-us/locations/lefferts,0
38,East Flushing,196-36 Northern Boulevard,Flushing,11358,(718) 357-6643,12:00 PM - 8:00 PM,1:00 PM - 6:00 PM,10:00 AM - 6:00 PM,12:00 PM - 8:00 PM,10:00 AM - 6:00 PM,10:00 AM - 5:00 PM, ,40.757877,-73.784804,https://www.queenslibrary.org/about-us/locations/east-flushing,0
39,Poppenhusen,121-23 14 Avenue,College Point,11356,(718) 359-1102,12:00 PM - 8:00 PM,1:00 PM - 6:00 PM,10:00 AM - 6:00 PM,12:00 PM - 8:00 PM,10:00 AM - 6:00 PM,10:00 AM - 5:00 PM, ,40.785984,-73.846506,https://www.queenslibrary.org/about-us/locations/poppenhusen,0
40,East Elmhurst,95-06 Astoria Boulevard,East Elmhurst,11369,(718) 424-2619,12:00 PM - 8:00 PM,1:00 PM - 6:00 PM,10:00 AM - 6:00 PM,12:00 PM - 8:00 PM,10:00 AM - 6:00 PM,10:00 AM - 5:00 PM, ,40.76278,-73.874016,https://www.queenslibrary.org/about-us/locations/east-elmhurst,0
41,Middle Village,72-31 Metropolitan Avenue,Middle Village,11379,(718) 326-1390,12:00 PM - 8:00 PM,1:00 PM - 6:00 PM,10:00 AM - 6:00 PM,12:00 PM - 8:00 PM,10:00 AM - 6:00 PM,10:00 AM - 5:00 PM, ,40.71258,-73.880885,https://www.queenslibrary.org/about-us/locations/middle-village,0
42,Pomonok,158-21 Jewel Avenue,Flushing,11365,(718) 591-4343,12:00 PM - 8:00 PM,1:00 PM - 6:00 PM,10:00 AM - 6:00 PM,12:00 PM - 8:00 PM,10:00 AM - 6:00 PM,10:00 AM - 5:00 PM, ,40.732272,-73.809902,https://www.queenslibrary.org/about-us/locations/pomonok,0
43,Rego Park,91-41 63 Drive,Rego Park,11374,(718) 459-5140,12:00 PM - 8:00 PM,1:00 PM - 6:00 PM,10:00 AM - 6:00 PM,12:00 PM - 8:00 PM,10:00 AM - 6:00 PM,10:00 AM - 5:00 PM, ,40.726991,-73.864371,https://www.queenslibrary.org/about-us/locations/rego-park,0
44,Broad Channel,16-26 Cross Bay Boulevard,Broad Channel,11693,(718) 318-4943,12:00 PM - 8:00 PM,1:00 PM - 6:00 PM,10:00 AM - 6:00 PM,12:00 PM - 8:00 PM,10:00 AM - 6:00 PM,10:00 AM - 5:00 PM, ,40.600838,-73.820374,https://www.queenslibrary.org/about-us/locations/broad-channel,0
45,Seaside,116-15 Rockaway Beach Boulevard,Rockaway Park,11694,(718) 634-1876,12:00 PM - 8:00 PM,1:00 PM - 6:00 PM,10:00 AM - 6:00 PM,12:00 PM - 8:00 PM,10:00 AM - 6:00 PM,10:00 AM - 5:00 PM, ,40.57971,-73.837487,https://www.queenslibrary.org/about-us/locations/seaside,0
46,Auburndale,25-55 Francis Lewis Boulevard,Flushing,11358,(718) 352-2027,12:00 PM - 8:00 PM,1:00 PM - 6:00 PM,10:00 AM - 6:00 PM,12:00 PM - 8:00 PM,10:00 AM - 6:00 PM,10:00 AM - 5:00 PM, ,40.773525,-73.796552,https://www.queenslibrary.org/about-us/locations/auburndale,0
47,Queens Village,94-11 217 Street,Queens Village,11428,(718) 776-6800,12:00 PM - 8:00 PM,1:00 PM - 6:00 PM,10:00 AM - 6:00 PM,12:00 PM - 8:00 PM,10:00 AM - 6:00 PM,10:00 AM - 5:00 PM, ,40.719749,-73.739299,https://www.queenslibrary.org/about-us/locations/queens-village,0
48,Kew Gardens Hills,72-33 Vleigh Place,Flushing,11367,(718) 261-6654,12:00 PM - 8:00 PM,1:00 PM - 6:00 PM,10:00 AM - 6:00 PM,12:00 PM - 8:00 PM,10:00 AM - 6:00 PM, ,12:00 PM - 5:00 PM,40.725815,-73.820989,https://www.queenslibrary.org/about-us/locations/kew-gardens-hills,0
49,Glen Oaks,256-04 Union Turnpike, Glen Oaks,11004,(718) 831-8636,12:00 PM - 8:00 PM,1:00 PM - 6:00 PM,10:00 AM - 6:00 PM,12:00 PM - 8:00 PM,10:00 AM - 6:00 PM,10:00 AM - 5:00 PM, ,40.745388,-73.715036,https://www.queenslibrary.org/about-us/locations/glen-oaks,0
50,Briarwood,85-12 Main Street,Briarwood,11435,(718) 658-1680,12:00 PM - 8:00 PM,1:00 PM - 6:00 PM,10:00 AM - 6:00 PM,12:00 PM - 8:00 PM,10:00 AM - 6:00 PM,10:00 AM - 5:00 PM, ,40.71014,-73.819621,https://www.queenslibrary.org/about-us/locations/briarwood,0
51,St. Albans,191-05 Linden Boulevard,St. Albans,11412,(718) 528-8196,12:00 PM - 8:00 PM,1:00 PM - 6:00 PM,10:00 AM - 6:00 PM,12:00 PM - 8:00 PM,10:00 AM - 6:00 PM,10:00 AM - 5:00 PM, ,40.692284,-73.760112,https://www.queenslibrary.org/about-us/locations/st.albans,0
52,Langston Hughes,100-01 Northern Boulevard,Corona,11368,(718) 651-1100,9:00 AM - 8:00 PM,1:00 PM - 6:00 PM,10:00 AM - 6:00 PM,12:00 PM - 8:00 PM,10:00 AM - 6:00 PM,10:00 AM - 5:00 PM, ,40.757361,-73.868331,https://www.queenslibrary.org/about-us/locations/langston-hughes,0
53,Corona,38-23 104 Street,Corona,11368,(718) 426-2844,12:00 PM - 8:00 PM,1:00 PM - 6:00 PM,10:00 AM - 6:00 PM,12:00 PM - 8:00 PM,10:00 AM - 6:00 PM,10:00 AM - 5:00 PM, ,40.750871,-73.862204,https://www.queenslibrary.org/about-us/locations/corona,0
54,Astoria,14-01 Astoria Boulevard,Long Island City,11102,(718) 278-2220,12:00 PM - 8:00 PM,1:00 PM - 6:00 PM,10:00 AM - 6:00 PM,12:00 PM - 8:00 PM,10:00 AM - 6:00 PM,10:00 AM - 5:00 PM, ,40.772173,-73.928757,https://www.queenslibrary.org/about-us/locations/astoria,0
55,Peninsula,92-25 Rockaway Beach Boulevard,Rockaway Beach,11693,(718) 634-1110,9:00 AM - 8:00 PM,1:00 PM - 6:00 PM,10:00 AM - 6:00 PM,12:00 PM - 8:00 PM,10:00 AM - 6:00 PM,10:00 AM - 5:00 PM, ,40.5863,-73.815797,https://www.queenslibrary.org/about-us/locations/peninsula,0
56,Fresh Meadows,193-20 Horace Harding Expressway,Fresh Meadows,11365,(718) 454-7272,9:00 AM - 8:00 PM,1:00 PM - 6:00 PM,10:00 AM - 6:00 PM,12:00 PM - 8:00 PM,10:00 AM - 6:00 PM,10:00 AM - 5:00 PM, ,40.74172,-73.782521,https://www.queenslibrary.org/about-us/locations/fresh-meadows,0
57,Whitestone,151-10 14 Road,Whitestone,11357,(718) 767-8010,12:00 PM - 8:00 PM,1:00 PM - 6:00 PM,10:00 AM - 6:00 PM,12:00 PM - 8:00 PM,10:00 AM - 6:00 PM,10:00 AM - 5:00 PM, ,40.78864,-73.810893,https://www.queenslibrary.org/about-us/locations/whitestone,0
58,Cambria Heights,218-13 Linden Boulevard,Cambria Heights,11411,(718) 528-3535,9:00 AM - 8:00 PM,1:00 PM - 6:00 PM,10:00 AM - 6:00 PM,12:00 PM - 8:00 PM,10:00 AM - 6:00 PM,10:00 AM - 5:00 PM, ,40.69554,-73.74138,https://www.queenslibrary.org/about-us/locations/cambria-heights,0
59,Court Square,25-01 Jackson Avenue,Long Island City,11101,(718) 937-2790,11:00 AM - 7:00 PM,1:00 PM - 6:00 PM,10:00 AM - 6:00 PM,12:00 PM - 7:00 PM,10:00 AM - 6:00 PM,10:00 AM - 5:00 PM, ,40.746845,-73.94444,https://www.queenslibrary.org/about-us/locations/court-square,0
60,Rochdale Village,169-09 137 Avenue,Jamaica,11434,(718) 723-4440,9:00 AM - 8:00 PM,1:00 PM - 6:00 PM,10:00 AM - 6:00 PM,12:00 PM - 8:00 PM,10:00 AM - 6:00 PM,10:00 AM - 5:00 PM, ,40.672568,-73.770994,https://www.queenslibrary.org/about-us/locations/rochdale-village,0
61,Flushing,41-17 Main Street,Flushing,11355,(718) 661-1200,9:00 AM - 9:00 PM,9:00 AM - 9:00 PM,9:00 AM - 9:00 PM,9:00 AM - 9:00 PM,9:00 AM - 7:00 PM,10:00 AM - 5:00 PM,12:00 PM - 5:00 PM,40.757784,-73.829252,https://www.queenslibrary.org/about-us/locations/flushing,0
62,Central Library,89-11 Merrick Boulevard,Jamaica,11432,(718) 990-0700,9:00 AM - 9:00 PM,9:00 AM - 9:00 PM,9:00 AM - 9:00 PM,9:00 AM - 9:00 PM,9:00 AM - 7:00 PM,10:00 AM - 5:00 PM,12:00 PM - 5:00 PM,40.707865,-73.795295,https://www.queenslibrary.org/about-us/locations/central-library,0
63,Arverne,312 Beach 54 Street,Arverne,11692,(718) 634-4784,12:00 PM - 8:00 PM,1:00 PM - 6:00 PM,10:00 AM - 6:00 PM,12:00 PM - 8:00 PM,10:00 AM - 6:00 PM,10:00 AM - 5:00 PM, ,40.593066,-73.784341,https://www.queenslibrary.org/about-us/locations/arverne,0
64,Arlington Library,203 Arlington Ave. at Warwick St,Brooklyn,11207,718.277.6105,10:00 AM - 6:00 PM,10:00 AM - 6:00 PM,1:00 PM - 8:00 PM,10:00 AM - 8:00 PM,10:00 AM - 6:00 PM,10:00 AM - 5:00 PM, ,40.680456600000,-73.887288700000,https://www.bklynlibrary.org/locations/arlington,0
65,Bay Ridge Library,7223 Ridge Blvd. at 73rd St.,Brooklyn,11209,718.748.5709,10:00 AM - 6:00 PM,10:00 AM - 6:00 PM,10:00 AM - 8:00 PM,1:00 PM - 8:00 PM,10:00 AM - 6:00 PM,10:00 AM - 5:00 PM, ,40.633650700000,-74.029523500000,https://www.bklynlibrary.org/locations/bay-ridge,0
66,Bedford Library,496 Franklin Avenue,Brooklyn,11238,718.623.0012,10:00 AM - 6:00 PM,10:00 AM - 6:00 PM,1:00 PM - 8:00 PM,10:00 AM - 8:00 PM,10:00 AM - 6:00 PM,10:00 AM - 5:00 PM, ,40.681817000000,-73.956194800000,https://www.bklynlibrary.org/locations/bedford,0
67,Borough Park Library,1265 43rd St. at 13th Ave,Brooklyn,11219,718.437.4085,10:00 AM - 6:00 PM,10:00 AM - 8:00 PM,10:00 AM - 6:00 PM,10:00 AM - 8:00 PM,10:00 AM - 6:00 PM, ,1:00 PM - 5:00 PM,40.638920000000,-73.989122700000,https://www.bklynlibrary.org/locations/borough-park,0
68,Brighton Beach Library,16 Brighton First Rd. at Brighton Beach Ave,Brooklyn,11235,718.946.2917,10:00 AM - 6:00 PM,1:00 PM - 8:00 PM,10:00 AM - 8:00 PM,10:00 AM - 6:00 PM,10:00 AM - 6:00 PM,10:00 AM - 5:00 PM, ,40.576178400000,-73.966799500000,https://www.bklynlibrary.org/locations/brighton-beach,0
69,Brooklyn Heights Library,109 Remsen Street,Brooklyn,11201,718.623.7100,10:00 AM - 6:00 PM,10:00 AM - 8:00 PM,10:00 AM - 8:00 PM,10:00 AM - 8:00 PM,10:00 AM - 6:00 PM,10:00 AM - 5:00 PM, ,40.694073700000,-73.994015000000,https://www.bklynlibrary.org/locations/brooklyn-heights,0
70,Brower Park Library,725 St. Marks Ave. at Nostrand Ave,Brooklyn,11216,718.773.7208,10:00 AM - 6:00 PM,10:00 AM - 6:00 PM,10:00 AM - 8:00 PM,1:00 PM - 8:00 PM,10:00 AM - 6:00 PM,10:00 AM - 5:00 PM, ,40.675355100000,-73.948610700000,https://www.bklynlibrary.org/locations/brower-park,0
71,Brownsville Library,61 Glenmore Ave. at Watkins St,Brooklyn,11212,718.498.9721,10:00 AM - 6:00 PM,10:00 AM - 8:00 PM,10:00 AM - 8:00 PM,10:00 AM - 6:00 PM,10:00 AM - 6:00 PM,10:00 AM - 5:00 PM, ,40.671344700000,-73.908388200000,https://www.bklynlibrary.org/locations/brownsville,0
72,Bushwick Library,340 Bushwick Avenue,Brooklyn,11206,718.602.1348,10:00 AM - 6:00 PM,10:00 AM - 6:00 PM,10:00 AM - 8:00 PM,1:00 PM - 8:00 PM,10:00 AM - 6:00 PM,10:00 AM - 5:00 PM, ,40.704528500000,-73.939602100000,https://www.bklynlibrary.org/locations/bushwick,0
73,Canarsie Library,1580 Rockaway Pkwy. at Ave. J,Brooklyn,11236,718.257.6547,10:00 AM - 6:00 PM,10:00 AM - 8:00 PM,10:00 AM - 8:00 PM,10:00 AM - 8:00 PM,10:00 AM - 6:00 PM,10:00 AM - 5:00 PM, ,40.642131900000,-73.899383100000,https://www.bklynlibrary.org/locations/canarsie,0
74,Carroll Gardens Library,396 Clinton St,Brooklyn,11231,718.596.6972,10:00 AM - 6:00 PM,10:00 AM - 8:00 PM,1:00 PM - 8:00 PM,10:00 AM - 6:00 PM,10:00 AM - 6:00 PM,10:00 AM - 5:00 PM, ,40.683229000000,-73.998031000000,https://www.bklynlibrary.org/locations/carroll-gardens,0
75,Central Library,10 Grand Army Plaza,Brooklyn,11238,718.230.2100,9:00 AM - 9:00 PM,9:00 AM - 9:00 PM,9:00 AM - 9:00 PM,9:00 AM - 9:00 PM,9:00 AM - 6:00 PM,9:00 AM - 6:00 PM,1:00 PM - 5:00 PM,40.672480800000,-73.968208400000,https://www.bklynlibrary.org/locations/central,0
76,Clarendon Library,2035 Nostrand Ave,Brooklyn,11210,718.421.1159,10:00 AM - 6:00 PM,1:00 PM - 8:00 PM,10:00 AM - 8:00 PM,10:00 AM - 6:00 PM,10:00 AM - 6:00 PM,10:00 AM - 5:00 PM, ,40.635736900000,-73.947958200000,https://www.bklynlibrary.org/locations/clarendon,0
77,Clinton Hill Library,380 Washington Ave. at Lafayette Ave.,Brooklyn,11238,718.398.8713,10:00 AM - 6:00 PM,10:00 AM - 8:00 PM,1:00 PM - 8:00 PM,10:00 AM - 6:00 PM,10:00 AM - 6:00 PM,10:00 AM - 5:00 PM, ,40.687335100000,-73.965652500000,https://www.bklynlibrary.org/locations/clinton-hill,0
78,Coney Island Library,1901 Mermaid Ave. (Near W. 19th St.),Brooklyn,11224,718.265.3220,10:00 AM - 6:00 PM,10:00 AM - 6:00 PM,1:00 PM - 8:00 PM,10:00 AM - 8:00 PM,10:00 AM - 6:00 PM,10:00 AM - 5:00 PM, ,40.576787100000,-73.986084500000,https://www.bklynlibrary.org/locations/coney-island,0
79,Cortelyou Library,1305 Cortelyou Rd. at Argyle Rd.,Brooklyn,11226,718.693.7763,10:00 AM - 6:00 PM,1:00 PM - 8:00 PM,10:00 AM - 8:00 PM,10:00 AM - 6:00 PM,10:00 AM - 6:00 PM,10:00 AM - 5:00 PM, ,40.640611400000,-73.965786200000,https://www.bklynlibrary.org/locations/cortelyou,0
80,Crown Heights Library,560 New York Ave. at Maple St.,Brooklyn,11225,718.773.1180,10:00 AM - 6:00 PM,1:00 PM - 8:00 PM,10:00 AM - 8:00 PM,10:00 AM - 6:00 PM,10:00 AM - 6:00 PM,10:00 AM - 5:00 PM, ,40.661222500000,-73.947784400000,https://www.bklynlibrary.org/locations/crown-heights,0
81,Cypress Hills Library,1197 Sutter Ave. at Crystal St.,Brooklyn,11208,718.277.6004,10:00 AM - 6:00 PM,1:00 PM - 8:00 PM,10:00 AM - 8:00 PM,10:00 AM - 6:00 PM,10:00 AM - 6:00 PM,10:00 AM - 5:00 PM, ,40.672461600000,-73.874045900000,https://www.bklynlibrary.org/locations/cypress-hills,0
82,DeKalb Library,790 Bushwick Ave. at DeKalb Ave.,Brooklyn,11221,718.455.3898,10:00 AM - 6:00 PM,10:00 AM - 8:00 PM,1:00 PM - 8:00 PM,10:00 AM - 6:00 PM,10:00 AM - 6:00 PM,10:00 AM - 5:00 PM, ,40.694673900000,-73.928512600000,https://www.bklynlibrary.org/locations/dekalb,0
83,Dyker Library,8202 13th Ave. (@ 82nd St.),Brooklyn,11228,718.748.6261,10:00 AM - 6:00 PM,1:00 PM - 8:00 PM,10:00 AM - 6:00 PM,10:00 AM - 8:00 PM,10:00 AM - 6:00 PM,10:00 AM - 5:00 PM, ,40.616345000000,-74.011543000000,https://www.bklynlibrary.org/locations/dyker,0
84,East Flatbush Library,9612 Church Ave. at. Rockaway Pkwy.,Brooklyn,11212,718.922.0927,10:00 AM - 6:00 PM,1:00 PM - 8:00 PM,10:00 AM - 6:00 PM,10:00 AM - 8:00 PM,10:00 AM - 6:00 PM,10:00 AM - 5:00 PM, ,40.655630900000,-73.915057000000,https://www.bklynlibrary.org/locations/east-flatbush,0
85,Eastern Parkway Library,1044 Eastern Pkwy. at Schenectady Ave.,Brooklyn,11213,718.953.4225,10:00 AM - 6:00 PM,1:00 PM - 8:00 PM,10:00 AM - 6:00 PM,10:00 AM - 8:00 PM,10:00 AM - 6:00 PM,10:00 AM - 5:00 PM, ,40.668486100000,-73.933640000000,https://www.bklynlibrary.org/locations/eastern-parkway,0
86,Flatbush Library,22 Linden Blvd. at Flatbush Ave.,Brooklyn,11226,718.856.0813,10:00 AM - 6:00 PM,1:00 PM - 8:00 PM,10:00 AM - 6:00 PM,10:00 AM - 8:00 PM,10:00 AM - 6:00 PM,10:00 AM - 5:00 PM, ,40.651921600000,-73.958350100000,https://www.bklynlibrary.org/locations/flatbush,0
87,Flatlands Library,2065 Flatbush Ave. at Ave. P,Brooklyn,11234,718.253.4409,10:00 AM - 6:00 PM,1:00 PM - 8:00 PM,10:00 AM - 6:00 PM,10:00 AM - 8:00 PM,10:00 AM - 6:00 PM,10:00 AM - 5:00 PM, ,40.619787800000,-73.933188400000,https://www.bklynlibrary.org/locations/flatlands,0
88,Fort Hamilton Library,9424 Fourth Ave.,Brooklyn,11209,718.748.6919,10:00 AM - 6:00 PM,1:00 PM - 8:00 PM,10:00 AM - 8:00 PM,10:00 AM - 6:00 PM,10:00 AM - 6:00 PM,10:00 AM - 5:00 PM, ,40.616363800000,-74.031267300000,https://www.bklynlibrary.org/locations/fort-hamilton,0
89,Gerritsen Beach Library,2808 Gerritsen Ave.,Brooklyn,11229,718.368.1435,10:00 AM - 6:00 PM,1:00 PM - 8:00 PM,10:00 AM - 6:00 PM,10:00 AM - 8:00 PM,10:00 AM - 6:00 PM,10:00 AM - 5:00 PM, ,40.591429200000,-73.923943500000,https://www.bklynlibrary.org/locations/gerritsen-beach,0
90,Gravesend Library,303 Ave. X at West. 2nd St.,Brooklyn,11223,718.382.5792,10:00 AM - 6:00 PM,1:00 PM - 8:00 PM,10:00 AM - 6:00 PM,10:00 AM - 8:00 PM,10:00 AM - 6:00 PM,10:00 AM - 5:00 PM, ,40.590383800000,-73.971705300000,https://www.bklynlibrary.org/locations/gravesend,0
91,Greenpoint Library,107 Norman Ave. at Leonard St.,Brooklyn,11222,718.349.8504,10:00 AM - 6:00 PM,10:00 AM - 8:00 PM,10:00 AM - 8:00 PM,10:00 AM - 8:00 PM,10:00 AM - 6:00 PM,10:00 AM - 5:00 PM, ,40.725983000000,-73.950714300000,https://www.bklynlibrary.org/locations/greenpoint,0
92,Highlawn Library,1664 W. 13th St. at Kings Highway,Brooklyn,11223,718.234.7208,10:00 AM - 6:00 PM,10:00 AM - 8:00 PM,10:00 AM - 6:00 PM,1:00 PM - 8:00 PM,10:00 AM - 6:00 PM,10:00 AM - 5:00 PM, ,40.605667100000,-73.986224100000,https://www.bklynlibrary.org/locations/highlawn,0
93,Homecrest Library,2525 Coney Island Ave. at Ave. V,Brooklyn,11223,718.382.5924,10:00 AM - 6:00 PM,10:00 AM - 8:00 PM,1:00 PM - 8:00 PM,10:00 AM - 6:00 PM,10:00 AM - 6:00 PM,10:00 AM - 5:00 PM, ,40.595206500000,-73.960475000000,https://www.bklynlibrary.org/locations/homecrest,0
94,Jamaica Bay Library,9727 Seaview Ave. at E. 98th St. near Rockaway Pkwy.,Brooklyn,11236,718.241.3571,10:00 AM - 6:00 PM,10:00 AM - 6:00 PM,1:00 PM - 8:00 PM,10:00 AM - 8:00 PM,10:00 AM - 6:00 PM,10:00 AM - 5:00 PM, ,40.634492800000,-73.889279700000,https://www.bklynlibrary.org/locations/jamaica-bay,0
95,Kensington Library,4207 18th Avenue,Brooklyn,11218,718.436.0545,10:00 AM - 6:00 PM,10:00 AM - 8:00 PM,10:00 AM - 6:00 PM,1:00 PM - 8:00 PM,10:00 AM - 6:00 PM,10:00 AM - 5:00 PM, ,40.631301900000,-73.975401500000,https://www.bklynlibrary.org/locations/kensington,0
96,Kings Bay Library,3650 Nostrand Ave. (near Ave. W),Brooklyn,11229,718.368.1709,10:00 AM - 6:00 PM,10:00 AM - 8:00 PM,10:00 AM - 6:00 PM,1:00 PM - 8:00 PM,10:00 AM - 6:00 PM,10:00 AM - 5:00 PM, ,40.594795500000,-73.941127100000,https://www.bklynlibrary.org/locations/kings-bay,0
97,Kings Highway Library,2115 Ocean Ave.,Brooklyn,11229,718.375.3037,10:00 AM - 6:00 PM,10:00 AM - 8:00 PM,10:00 AM - 8:00 PM,10:00 AM - 8:00 PM,10:00 AM - 6:00 PM,10:00 AM - 5:00 PM, ,40.610293000000,-73.953266400000,https://www.bklynlibrary.org/locations/kings-highway,0
98,Leonard Library,81 Devoe St. at Leonard St.,Brooklyn,11211,718.486.6006,10:00 AM - 6:00 PM,1:00 PM - 8:00 PM,10:00 AM - 6:00 PM,10:00 AM - 8:00 PM,10:00 AM - 6:00 PM,10:00 AM - 5:00 PM, ,40.713617300000,-73.947964700000,https://www.bklynlibrary.org/locations/leonard,0
99,Macon Library,361 Lewis Ave. at Macon St.,Brooklyn,11233,718.573.5606,10:00 AM - 6:00 PM,10:00 AM - 8:00 PM,10:00 AM - 8:00 PM,10:00 AM - 8:00 PM,10:00 AM - 6:00 PM,10:00 AM - 5:00 PM,1:00 PM - 5:00 PM,40.683028300000,-73.934891600000,https://www.bklynlibrary.org/locations/macon,0
100,Mapleton Library,1702 60th Street,Brooklyn,11204,718.256.2117,10:00 AM - 6:00 PM,10:00 AM - 6:00 PM,10:00 AM - 8:00 PM,1:00 PM - 8:00 PM,10:00 AM - 6:00 PM,10:00 AM - 5:00 PM,1:00 PM - 5:00 PM,40.623159200000,-73.989456000000,https://www.bklynlibrary.org/locations/mapleton,0
101,Marcy Library,617 DeKalb Ave. at Nostrand Ave.,Brooklyn,11216,718.935.0032,10:00 AM - 6:00 PM,1:00 PM - 8:00 PM,10:00 AM - 6:00 PM,10:00 AM - 8:00 PM,10:00 AM - 6:00 PM,10:00 AM - 5:00 PM, ,40.691391400000,-73.951226700000,https://www.bklynlibrary.org/locations/marcy,0
102,McKinley Park Library,6802 Fort Hamilton Pkwy (at 68th St.),Brooklyn,11219,718.748.8001,10:00 AM - 6:00 PM,10:00 AM - 6:00 PM,1:00 PM - 8:00 PM,10:00 AM - 8:00 PM,10:00 AM - 6:00 PM,10:00 AM - 5:00 PM, ,40.629175300000,-74.011876400000,https://www.bklynlibrary.org/locations/mckinley-park,0
103,Midwood Library,975 East 16th St. at Avenue J,Brooklyn,11230,718.252.0967,10:00 AM - 6:00 PM,10:00 AM - 8:00 PM,10:00 AM - 6:00 PM,10:00 AM - 8:00 PM,10:00 AM - 6:00 PM, ,1:00 PM - 5:00 PM,40.625907000000,-73.960400500000,https://www.bklynlibrary.org/locations/midwood,0
104,Mill Basin Library,2385 Ralph Ave (near Ave N),Brooklyn,11234,718.241.3973,10:00 AM - 6:00 PM,10:00 AM - 6:00 PM,10:00 AM - 8:00 PM,1:00 PM - 8:00 PM,10:00 AM - 6:00 PM,10:00 AM - 5:00 PM, ,40.619921200000,-73.917309900000,https://www.bklynlibrary.org/locations/mill-basin,0
105,New Lots Library,665 New Lots Ave. at Barbey St.,Brooklyn,11207,718.649.0311,10:00 AM - 6:00 PM,10:00 AM - 8:00 PM,10:00 AM - 8:00 PM,10:00 AM - 8:00 PM,10:00 AM - 6:00 PM,10:00 AM - 5:00 PM,1:00 PM - 5:00 PM,40.665455900000,-73.884829000000,https://www.bklynlibrary.org/locations/new-lots,0
106,New Utrecht Library,1743 86th St. at Bay 17th St.,Brooklyn,11214,718.236.4086,10:00 AM - 6:00 PM,10:00 AM - 8:00 PM,10:00 AM - 8:00 PM,10:00 AM - 8:00 PM,10:00 AM - 6:00 PM,10:00 AM - 5:00 PM, ,40.608043900000,-74.003392800000,https://www.bklynlibrary.org/locations/new-utrecht,0
107,Pacific Library,25 Fourth Ave. at Pacific St.,Brooklyn,11217,718.638.1531,10:00 AM - 6:00 PM,10:00 AM - 6:00 PM,1:00 PM - 8:00 PM,10:00 AM - 8:00 PM,10:00 AM - 6:00 PM,10:00 AM - 5:00 PM, ,40.683405000000,-73.978537000000,https://www.bklynlibrary.org/locations/pacific,0
108,Paerdegat Library,850 E. 59th St. at Paerdegat Ave. South,Brooklyn,11234,718.241.3994,10:00 AM - 6:00 PM,10:00 AM - 8:00 PM,1:00 PM - 8:00 PM,10:00 AM - 6:00 PM,10:00 AM - 6:00 PM,10:00 AM - 5:00 PM, ,40.632615200000,-73.919667200000,https://www.bklynlibrary.org/locations/paerdegat,0
109,Park Slope Library,431 6th Ave. at 9th St.,Brooklyn,11215,718.832.1853,10:00 AM - 6:00 PM,1:00 PM - 8:00 PM,10:00 AM - 8:00 PM,10:00 AM - 6:00 PM,10:00 AM - 6:00 PM,10:00 AM - 5:00 PM, ,40.668217400000,-73.983416200000,https://www.bklynlibrary.org/locations/park-slope,0
110,Red Hook Library,7 Wolcott St,Brooklyn,11231,718.935.0203,10:00 AM - 6:00 PM,1:00 PM - 8:00 PM,10:00 AM - 6:00 PM,10:00 AM - 8:00 PM,10:00 AM - 6:00 PM,10:00 AM - 5:00 PM, ,40.675310100000,-74.010281800000,https://www.bklynlibrary.org/locations/red-hook,0
111,Rugby Library,1000 Utica Ave.,Brooklyn,11203,718.566.0054,10:00 AM - 6:00 PM,10:00 AM - 8:00 PM,1:00 PM - 8:00 PM,10:00 AM - 6:00 PM,10:00 AM - 6:00 PM,10:00 AM - 5:00 PM, ,40.648678300000,-73.930050100000,https://www.bklynlibrary.org/locations/rugby,0
112,Ryder Library,5902 23rd Ave.,Brooklyn,11204,718.331.2962,10:00 AM - 6:00 PM,10:00 AM - 8:00 PM,10:00 AM - 6:00 PM,10:00 AM - 8:00 PM,10:00 AM - 6:00 PM, ,1:00 PM - 5:00 PM,40.615897700000,-73.975682600000,https://www.bklynlibrary.org/locations/ryder,0
113,Saratoga Library,8 Thomas S. Boyland St. at Macon St.,Brooklyn,11233,718.573.5224,10:00 AM - 6:00 PM,10:00 AM - 8:00 PM,1:00 PM - 8:00 PM,10:00 AM - 6:00 PM,10:00 AM - 6:00 PM,10:00 AM - 5:00 PM, ,40.684875000000,-73.915123900000,https://www.bklynlibrary.org/locations/saratoga,0
114,Sheepshead Bay Library,2636 E. 14th St. at Ave. Z,Brooklyn,11235,718.368.1815,10:00 AM - 6:00 PM,10:00 AM - 6:00 PM,10:00 AM - 8:00 PM,1:00 PM - 8:00 PM,10:00 AM - 6:00 PM,10:00 AM - 5:00 PM, ,40.586965100000,-73.955407100000,https://www.bklynlibrary.org/locations/sheepshead-bay,0
115,Spring Creek Library,12143 Flatlands Ave. at New Jersey Ave.,Brooklyn,11207,718.257.6571,10:00 AM - 6:00 PM,10:00 AM - 6:00 PM,1:00 PM - 8:00 PM,10:00 AM - 8:00 PM,10:00 AM - 6:00 PM,10:00 AM - 5:00 PM, ,40.653263700000,-73.885964100000,https://www.bklynlibrary.org/locations/spring-creek,0
116,Stone Avenue Library,581 Mother Gaston Boulevard,Brooklyn,11212,718.485.8347,10:00 AM - 6:00 PM,10:00 AM - 6:00 PM,1:00 PM - 8:00 PM,10:00 AM - 8:00 PM,10:00 AM - 6:00 PM,10:00 AM - 5:00 PM, ,40.664473800000,-73.905160700000,https://www.bklynlibrary.org/locations/stone-avenue,0
117,Sunset Park Library,5108 4th Ave. at 51st St.,Brooklyn,11220,718.567.2806,10:00 AM - 6:00 PM,10:00 AM - 8:00 PM,10:00 AM - 8:00 PM,10:00 AM - 8:00 PM,10:00 AM - 6:00 PM,10:00 AM - 5:00 PM, ,40.645923100000,-74.013658200000,https://www.bklynlibrary.org/locations/sunset-park,0
118,Ulmer Park Library,2602 Bath Ave at 26th Ave,Brooklyn,11214,718.265.3443,10:00 AM - 6:00 PM,10:00 AM - 8:00 PM,10:00 AM - 6:00 PM,1:00 PM - 8:00 PM,10:00 AM - 6:00 PM,10:00 AM - 5:00 PM, ,40.592635300000,-73.988653900000,https://www.bklynlibrary.org/locations/ulmer-park,0
119,Walt Whitman Library,93 Saint Edwards Street,Brooklyn,11205,718.935.0244,10:00 AM - 6:00 PM,10:00 AM - 8:00 PM,1:00 PM - 8:00 PM,10:00 AM - 6:00 PM,10:00 AM - 6:00 PM,10:00 AM - 5:00 PM, ,40.694463200000,-73.977726700000,https://www.bklynlibrary.org/locations/walt-whitman,0
120,Washington Irving Library,360 Irving Ave. (at Woodbine St.),Brooklyn,11237,718.628.8378,10:00 AM - 6:00 PM,10:00 AM - 6:00 PM,10:00 AM - 8:00 PM,1:00 PM - 8:00 PM,10:00 AM - 6:00 PM,10:00 AM - 5:00 PM, ,40.697511100000,-73.912229800000,https://www.bklynlibrary.org/locations/washington-irving,0
121,Williamsburgh Library,240 Division Ave. at Marcy Ave. ,Brooklyn,11211,718.302.3485,10:00 AM - 6:00 PM,1:00 PM - 8:00 PM,10:00 AM - 6:00 PM,10:00 AM - 8:00 PM,10:00 AM - 6:00 PM,10:00 AM - 5:00 PM, ,40.706870800000,-73.957264300000,https://www.bklynlibrary.org/locations/williamsburgh,0
122,Windsor Terrace Library,160 E. 5th St. at Ft. Hamilton Pkwy.,Brooklyn,11218,718.686.9707,10:00 AM - 6:00 PM,10:00 AM - 6:00 PM,1:00 PM - 8:00 PM,10:00 AM - 8:00 PM,10:00 AM - 6:00 PM,10:00 AM - 5:00 PM, ,40.648730900000,-73.976531700000,https://www.bklynlibrary.org/locations/windsor-terrace,0
123,Elmer Holmes Bobst Library,70 Washington Square S,New York,10012,(212) 998-2500,12:00 AM - 12:00 PM,12:00 AM - 12:00 PM,12:00 AM - 12:00 PM,12:00 AM - 12:00 PM,12:00 AM - 12:00 PM,12:00 AM - 12:00 PM,12:00 AM - 12:00 PM,40.7294,-73.9973,https://www.nyu.edu/academics/libraries/elmer-holmes-bobstlibrary.html,1
124,NYU School of Law Library,40 Washington Square S,New York,10012,(212) 998-6312,9:00 AM - 9:00 PM,9:00 AM - 9:00 PM,9:00 AM - 9:00 PM,9:00 AM - 9:00 PM,9:00 AM - 9:00 PM,8:00 AM - 9:00 PM,8:00 AM - 9:00 PM,40.7305,-73.9995,https://www.nyu.edu/academics/libraries/nyu-law-library.html,1
125,Sid and Ruth Lapidus Health Sciences Library,550 1st Ave.,New York,10016,(212) 263-5395,9:00 AM - 5:00 PM,9:00 AM - 5:00 PM,9:00 AM - 5:00 PM,9:00 AM - 5:00 PM,9:00 AM - 5:00 PM,,,,,https://www.nyu.edu/academics/libraries/sid-ruth-lapidus-library.html,1
126,Bern Dibner Library of Science and Technology,5 MetroTech Center #3840,Brooklyn,11201,(646) 997-3530,7:00 AM - 1:00 AM,7:00 AM - 1:00 AM,7:00 AM - 1:00 AM,7:00 AM - 1:00 AM,7:00 AM - 1:00 AM,7:00 AM - 1:00 AM,7:00 AM - 1:00 AM,40.6947,-73.9857,https://library.nyu.edu/locations/bern-dibner-library/,1
127,Courant Institute of Mathematical Sciences Library,251 Mercer St,New York,10012,(212) 998-3315,9:00 AM - 9:30 PM,9:00 AM - 9:30 PM,9:00 AM - 9:30 PM,9:00 AM - 9:30 PM,9:00 AM - 7:00 PM,10:00 AM - 6:00 PM,,40.72858,-73.99552,https://cims.nyu.edu/dynamic/library/about/,1
128,Institute for the Study of the Ancient World Library,15 East 84th Street,New York,10028,(212) 992-7824,9:00 AM - 5:00 PM,9:00 AM - 5:00 PM,9:00 AM - 5:00 PM,9:00 AM - 5:00 PM,9:00 AM - 5:00 PM,,,,,https://library.nyu.edu/locations/institute-for-the-study-of-the-ancient-world-library/,1
129,Jack Brause Library (School for Professional Studies),"11 West 42nd Street, Suite 510",New York,10036,(212) 992-3627,8:00 AM - 9:45 PM,8:00 AM - 9:45 PM,8:00 AM - 9:45 PM,8:00 AM - 9:45 PM,8:00 AM - 9:45 PM,8:00 AM - 9:45 PM,,,,https://library.nyu.edu/locations/jack-brause-library/,1
130,NYU Abu Dhabi Library,"Saadiyat Island Abu Dhabi, UAE Campus Center (C2)",,,971 02-628-5544,,,,,,,,,,https://library.nyu.edu/locations/nyu-abu-dhabi-library/,1
131,NYU Shanghai Library,1555 Century Ave Shanghai,PR China,200122,(86) 21 2059-5614,7:00 AM - 10:00 PM,7:00 AM - 10:00 PM,7:00 AM - 10:00 PM,7:00 AM - 10:00 PM,7:00 AM - 10:00 PM,12:00 PM - 8:00 PM,12:00 PM - 8:00 PM,,,https://library.nyu.edu/locations/nyu-shanghai-library/,1
132,Stephen Chan Library (Institute of Fine Arts),1 East 78th Street,New York,10075,(212) 992-5825,9:00 AM - 5:00 PM,9:00 AM - 5:00 PM,9:00 AM - 5:00 PM,9:00 AM - 5:00 PM,9:00 AM - 5:00 PM,,,,,https://library.nyu.edu/locations/institute-of-fine-arts-library/,1